{
  "id": 13432,
  "name": "且住亭御咄",
  "affixTitle": "好事者奔行灯",
  "star": 4,
  "desc": "？？？",
  "attr": {
    "atk": {
      "1": 43.73,
      "20": 118.57,
      "40": 225.99,
      "50": 293.36,
      "60": 360.90000000000003,
      "70": 428.69,
      "80": 496.71999999999997,
      "90": 564.78,
      "20+": 144.47,
      "40+": 251.99,
      "50+": 319.26,
      "60+": 386.8,
      "70+": 454.69,
      "80+": 522.62
    },
    "bonusKey": "",
    "bonusData": {
      "1": 6.67,
      "20": 11.78,
      "40": 17.17,
      "50": 19.86,
      "60": 22.55,
      "70": 25.24,
      "80": 27.93,
      "90": 30.63,
      "20+": 11.78,
      "40+": 17.17,
      "50+": 19.86,
      "60+": 22.55,
      "70+": 25.24,
      "80+": 27.93
    }
  },
  "materials": {
    "weapon": "今昔剧画之鬼人",
    "monster": "迷光的蜷叶之心",
    "normal": "名刀镡"
  },
  "affixData": {
    "text": "施放元素战技时，提高$[0]攻击力和$[1]移动速度，持续10秒。",
    "datas": {
      "0": [
        "12%",
        "16%",
        "20%",
        "24%",
        "28%"
      ],
      "1": [
        "24%",
        "32%",
        "40%",
        "48%",
        "56%"
      ]
    }
  }
}