{
  "id": 11517,
  "name": "苍耀",
  "affixTitle": "白山的馈赐",
  "star": 5,
  "desc": "？？？",
  "attr": {
    "atk": {
      "1": 45.94,
      "20": 121.73,
      "40": 235.2,
      "50": 308.42,
      "60": 382.42999999999995,
      "70": 456.99,
      "80": 532.23,
      "90": 608.0699999999999,
      "20+": 152.83,
      "40+": 266.3,
      "50+": 339.62,
      "60+": 413.53,
      "70+": 488.09,
      "80+": 563.33
    },
    "bonusKey": "cpct",
    "bonusData": {
      "1": 7.2,
      "20": 12.72,
      "40": 18.54,
      "50": 21.45,
      "60": 24.36,
      "70": 27.26,
      "80": 30.17,
      "90": 33.08,
      "20+": 12.72,
      "40+": 18.54,
      "50+": 21.45,
      "60+": 24.36,
      "70+": 27.26,
      "80+": 30.17
    }
  },
  "materials": {
    "weapon": "神合秘烟的启示",
    "monster": "迷光的蜷叶之心",
    "normal": "龙冠武士的金哨"
  },
  "affixData": {
    "text": "施放元素战技后的12秒内，攻击力提升$[0]。持续期间，装备者的元素能量为0时，攻击力还会提升$[1]，且暴击伤害提升$[2]。",
    "datas": {
      "0": [
        "24%",
        "30%",
        "36%",
        "42%",
        "48%"
      ],
      "1": [
        "24%",
        "30%",
        "36%",
        "42%",
        "48%"
      ],
      "2": [
        "40%",
        "50%",
        "60%",
        "70%",
        "80%"
      ]
    }
  }
}