{
  "id": 11516,
  "name": "岩峰巡歌",
  "affixTitle": "不凋的盛年",
  "star": 5,
  "desc": "锋锐无比的黑曜石长刀，轻巧如歌。经过某位工匠的改造，附加了能播放唱片的可拆卸燃素装置。",
  "attr": {
    "atk": {
      "1": 44.34,
      "20": 110.17,
      "40": 209.82,
      "50": 275.46,
      "60": 341.46000000000004,
      "70": 407.81,
      "80": 474.54999999999995,
      "90": 541.8299999999999,
      "20+": 141.27,
      "40+": 240.92,
      "50+": 306.66,
      "60+": 372.56,
      "70+": 438.91,
      "80+": 505.65
    },
    "bonusKey": "defPct",
    "bonusData": {
      "1": 18,
      "20": 31.81,
      "40": 46.35,
      "50": 53.62,
      "60": 60.89,
      "70": 68.15,
      "80": 75.42,
      "90": 82.69,
      "20+": 31.81,
      "40+": 46.35,
      "50+": 53.62,
      "60+": 60.89,
      "70+": 68.15,
      "80+": 75.42
    }
  },
  "materials": {
    "weapon": "神合秘烟的启示",
    "monster": "秘源真芯",
    "normal": "横行霸者的利齿"
  },
  "affixData": {
    "text": "普通攻击或下落攻击命中敌人后，将获得「荣花之歌」：防御力提高$[0]，该效果持续6秒，至多叠加2层，每0.1秒至多触发一次。该效果叠加至2层或2层的持续时间刷新时，基于装备者的防御力，每1000点使队伍中附近所有角色的所有元素伤害加成提升$[2]，至多提高$[3]，持续15秒。",
    "datas": {
      "0": [
        "6%",
        "7.5%",
        "9%",
        "10.5%",
        "12%"
      ],
      "1": [
        "12%",
        "15%",
        "18%",
        "21%",
        "24%"
      ],
      "2": [
        "36%",
        "45%",
        "54%",
        "63%",
        "75%"
      ]
    }
  }
}